Partition_ID,Subject_ID,TrainOrVal,Measurement_ID,R0,R1,R2,R3,R4,R5,R6,R7,R8,R9,R10,R11,R12,R13,R14,R15,R16,R17,R18,R19
1,cc0001,train,1,1,1,1,1,1,1,1,1,1,1,1,1,1,1,1,1,1,1,1,1
1,cc0002,train,1,1,1,1,1,1,1,1,1,1,1,1,1,1,1,1,1,1,1,1,1
1,cc0003,train,1,1,1,1,1,1,1,1,1,1,1,1,1,1,1,1,1,1,1,1,1
1,cc0004,train,1,1,1,1,1,1,1,1,1,1,1,1,1,1,1,1,1,1,1,1,1
1,cc0005,train,1,1,1,1,1,1,1,1,1,1,1,1,1,1,1,1,1,1,1,1,1
1,cc0006,train,2,1,1,1,1,1,1,1,1,1,1,1,1,1,1,1,1,1,1,1,1
1,cc0007,train,1,1,1,1,1,1,1,1,1,1,1,1,1,1,1,1,1,1,1,1,1
1,cc0008,train,2,1,1,1,1,1,1,1,1,1,1,1,1,1,1,1,1,1,1,1,1
1,cc0009,train,1,1,1,1,1,1,1,1,1,1,1,1,1,1,1,1,1,1,1,1,1
1,cc0010,train,2,1,1,1,1,1,1,1,1,1,1,1,1,1,1,1,1,1,1,1,1
1,cc0011,train,2,1,1,1,1,1,1,1,1,1,1,1,1,1,1,1,1,1,1,1,1
1,cc0012,train,1,1,1,1,1,1,1,1,1,1,1,1,1,1,1,1,1,1,1,1,1
1,cc0013,train,1,1,1,1,1,1,1,1,1,1,1,1,1,1,1,1,1,1,1,1,1
1,cc0014,train,1,1,1,1,1,1,1,1,1,1,1,1,1,1,1,1,1,1,1,1,1
1,cc0015,train,2,1,1,1,1,1,1,1,1,1,1,1,1,1,1,1,1,1,1,1,1
1,cc0016,train,2,1,1,1,1,1,1,1,1,1,1,1,1,1,1,1,1,1,1,1,1
1,cc0017,train,1,1,1,1,1,1,1,1,1,1,1,1,1,1,1,1,1,1,1,1,1
1,cc0018,train,1,1,1,1,1,1,1,1,1,1,1,1,1,1,1,1,1,1,1,1,1
1,cc0019,train,2,1,1,1,1,1,1,1,1,1,1,1,1,1,1,1,1,1,1,1,1
1,cc0020,train,1,1,1,1,1,1,1,1,1,1,1,1,1,1,1,1,1,1,1,1,1
1,cc0021,train,2,1,1,1,1,1,1,1,1,1,1,1,1,1,1,1,1,1,1,1,1
1,cc0022,train,1,1,1,1,1,1,1,1,1,1,1,1,1,1,1,1,1,1,1,1,1
1,cc0023,train,1,1,1,1,1,1,1,1,1,1,1,1,1,1,1,1,1,1,1,1,1
1,cc0024,train,1,1,1,1,1,1,1,1,1,1,1,1,1,1,1,1,1,1,1,1,1
1,cc0025,train,1,1,1,1,1,1,1,1,1,1,1,1,1,1,1,1,1,1,1,1,1
1,cc0026,train,1,1,1,1,1,1,1,1,1,1,1,1,1,1,1,1,1,1,1,1,1
1,cc0027,train,1,1,1,1,1,1,1,1,1,1,1,1,1,1,1,1,1,1,1,1,1
1,cc0028,train,1,1,1,1,1,1,1,1,1,1,1,1,1,1,1,1,1,1,1,1,1
1,cc0029,train,2,1,1,1,1,1,1,1,1,1,1,1,1,1,1,1,1,1,1,1,1
1,cc0030,train,1,1,1,1,1,1,1,1,1,1,1,1,1,1,1,1,1,1,1,1,1
1,cc0031,train,1,1,1,1,1,1,1,1,1,1,1,1,1,1,1,1,1,1,1,1,1
1,cc0032,train,1,1,1,1,1,1,1,1,1,1,1,1,1,1,1,1,1,1,1,1,1
1,cc0033,train,1,1,1,1,1,1,1,1,1,1,1,1,1,1,1,1,1,1,1,1,1
1,cc0034,train,1,1,1,1,1,1,1,1,1,1,1,1,1,1,1,1,1,1,1,1,1
1,cc0035,train,1,1,1,1,1,1,1,1,1,1,1,1,1,1,1,1,1,1,1,1,1
1,cc0036,train,1,1,1,1,1,1,1,1,1,1,1,1,1,1,1,1,1,1,1,1,1
1,cc0037,train,1,1,1,1,1,1,1,1,1,1,1,1,1,1,1,1,1,1,1,1,1
1,cc0038,train,1,1,1,1,1,1,1,1,1,1,1,1,1,1,1,1,1,1,1,1,1
1,cc0039,train,2,1,1,1,1,1,1,1,1,1,1,1,1,1,1,1,1,1,1,1,1
1,cc0040,train,2,1,1,1,1,1,1,1,1,1,1,1,1,1,1,1,1,1,1,1,1
1,cc0041,train,1,1,1,1,1,1,1,1,1,1,1,1,1,1,1,1,1,1,1,1,1
1,cc0042,train,1,1,1,1,1,1,1,1,1,1,1,1,1,1,1,1,1,1,1,1,1
1,cc0043,train,1,1,1,1,1,1,1,1,1,1,1,1,1,1,1,1,1,1,1,1,1
1,cc0044,val,1,1,1,1,1,1,1,1,1,1,1,1,1,1,1,1,1,1,1,1,1
1,cc0045,train,2,1,1,1,1,1,1,1,1,1,1,1,1,1,1,1,1,1,1,1,1
1,cc0046,val,1,1,1,1,1,1,1,1,1,1,1,1,1,1,1,1,1,1,1,1,1
1,cc0047,val,1,1,1,1,1,1,1,1,1,1,1,1,1,1,1,1,1,1,1,1,1
1,cc0048,train,2,1,1,1,1,1,1,1,1,1,1,1,1,1,1,1,1,1,1,1,1
1,cc0049,val,1,1,1,1,1,1,1,1,1,1,1,1,1,1,1,1,1,1,1,1,1
1,cc0050,train,2,1,1,1,1,1,1,1,1,1,1,1,1,1,1,1,1,1,1,1,1
1,cc0051,val,1,1,1,1,1,1,1,1,1,1,1,1,1,1,1,1,1,1,1,1,1
1,cc0052,val,1,1,1,1,1,1,1,1,1,1,1,1,1,1,1,1,1,1,1,1,1
1,cc0053,val,1,1,1,1,1,1,1,1,1,1,1,1,1,1,1,1,1,1,1,1,1
1,cc0054,val,1,1,1,1,1,1,1,1,1,1,1,1,1,1,1,1,1,1,1,1,1
1,cc0055,val,1,1,1,1,1,1,1,1,1,1,1,1,1,1,1,1,1,1,1,1,1
1,cc0056,train,2,1,1,1,1,1,1,1,1,1,1,1,1,1,1,1,1,1,1,1,1
1,cc0057,train,2,1,1,1,1,1,1,1,1,1,1,1,1,1,1,1,1,1,1,1,1
1,cc0058,train,2,1,1,1,1,1,1,1,1,1,1,1,1,1,1,1,1,1,1,1,1
1,cc0059,val,1,1,1,1,1,1,1,1,1,1,1,1,1,1,1,1,1,1,1,1,1
2,cc0060,,2,2,2,2,2,2,2,2,2,2,2,2,2,2,2,2,2,2,2,2,2
2,cc0061,,1,2,2,2,2,2,2,2,2,2,2,2,2,2,2,2,2,2,2,2,2
2,cc0062,,1,2,2,2,2,2,2,2,2,2,2,2,2,2,2,2,2,2,2,2,2
2,cc0063,,1,2,2,2,2,2,2,2,2,2,2,2,2,2,2,2,2,2,2,2,2
2,cc0064,,2,2,2,2,2,2,2,2,2,2,2,2,2,2,2,2,2,2,2,2,2
2,cc0065,,1,2,2,2,2,2,2,2,2,2,2,2,2,2,2,2,2,2,2,2,2
2,cc0066,,1,2,2,2,2,2,2,2,2,2,2,2,2,2,2,2,2,2,2,2,2
2,cc0067,,1,2,2,2,2,2,2,2,2,2,2,2,2,2,2,2,2,2,2,2,2
2,cc0068,,2,2,2,2,2,2,2,2,2,2,2,2,2,2,2,2,2,2,2,2,2
2,cc0069,,2,2,2,2,2,2,2,2,2,2,2,2,2,2,2,2,2,2,2,2,2
2,cc0070,,2,2,2,2,2,2,2,2,2,2,2,2,2,2,2,2,2,2,2,2,2
2,cc0071,,1,2,2,2,2,2,2,2,2,2,2,2,2,2,2,2,2,2,2,2,2
2,cc0072,,1,2,2,2,2,2,2,2,2,2,2,2,2,2,2,2,2,2,2,2,2
2,cc0073,,1,2,2,2,2,2,2,2,2,2,2,2,2,2,2,2,2,2,2,2,2
2,cc0074,,2,2,2,2,2,2,2,2,2,2,2,2,2,2,2,2,2,2,2,2,2
2,cc0075,,1,2,2,2,2,2,2,2,2,2,2,2,2,2,2,2,2,2,2,2,2
2,cc0076,,1,2,2,2,2,2,2,2,2,2,2,2,2,2,2,2,2,2,2,2,2
2,cc0077,,1,2,2,2,2,2,2,2,2,2,2,2,2,2,2,2,2,2,2,2,2
2,cc0078,,1,2,2,2,2,2,2,2,2,2,2,2,2,2,2,2,2,2,2,2,2
2,cc0079,,1,2,2,2,2,2,2,2,2,2,2,2,2,2,2,2,2,2,2,2,2
2,cc0080,,1,2,2,2,2,2,2,2,2,2,2,2,2,2,2,2,2,2,2,2,2
2,cc0081,,1,2,2,2,2,2,2,2,2,2,2,2,2,2,2,2,2,2,2,2,2
2,cc0082,,2,2,2,2,2,2,2,2,2,2,2,2,2,2,2,2,2,2,2,2,2
2,cc0083,,2,2,2,2,2,2,2,2,2,2,2,2,2,2,2,2,2,2,2,2,2
2,cc0084,,1,2,2,2,2,2,2,2,2,2,2,2,2,2,2,2,2,2,2,2,2
2,cc0085,,1,2,2,2,2,2,2,2,2,2,2,2,2,2,2,2,2,2,2,2,2
2,cc0086,,1,2,2,2,2,2,2,2,2,2,2,2,2,2,2,2,2,2,2,2,2
2,cc0087,,1,2,2,2,2,2,2,2,2,2,2,2,2,2,2,2,2,2,2,2,2
2,cc0088,,1,2,2,2,2,2,2,2,2,2,2,2,2,2,2,2,2,2,2,2,2
2,cc0089,,2,2,2,2,2,2,2,2,2,2,2,2,2,2,2,2,2,2,2,2,2
2,cc0090,,2,2,2,2,2,2,2,2,2,2,2,2,2,2,2,2,2,2,2,2,2
2,cc0091,,1,2,2,2,2,2,2,2,2,2,2,2,2,2,2,2,2,2,2,2,2
2,cc0092,,2,2,2,2,2,2,2,2,2,2,2,2,2,2,2,2,2,2,2,2,2
2,cc0093,,1,2,2,2,2,2,2,2,2,2,2,2,2,2,2,2,2,2,2,2,2
2,cc0094,,2,2,2,2,2,2,2,2,2,2,2,2,2,2,2,2,2,2,2,2,2
2,cc0095,,1,2,2,2,2,2,2,2,2,2,2,2,2,2,2,2,2,2,2,2,2
2,cc0096,,1,2,2,2,2,2,2,2,2,2,2,2,2,2,2,2,2,2,2,2,2
2,cc0097,,1,2,2,2,2,2,2,2,2,2,2,2,2,2,2,2,2,2,2,2,2
2,cc0098,,2,2,2,2,2,2,2,2,2,2,2,2,2,2,2,2,2,2,2,2,2
2,cc0099,,1,2,2,2,2,2,2,2,2,2,2,2,2,2,2,2,2,2,2,2,2
2,cc0100,,1,2,2,2,2,2,2,2,2,2,2,2,2,2,2,2,2,2,2,2,2
2,cc0101,,2,2,2,2,2,2,2,2,2,2,2,2,2,2,2,2,2,2,2,2,2
2,cc0102,val,1,2,2,2,2,2,2,2,2,2,2,2,2,2,2,2,2,2,2,2,2
2,cc0103,,2,2,2,2,2,2,2,2,2,2,2,2,2,2,2,2,2,2,2,2,2
2,cc0104,val,1,2,2,2,2,2,2,2,2,2,2,2,2,2,2,2,2,2,2,2,2
2,cc0105,val,1,2,2,2,2,2,2,2,2,2,2,2,2,2,2,2,2,2,2,2,2
2,cc0106,,2,2,2,2,2,2,2,2,2,2,2,2,2,2,2,2,2,2,2,2,2
2,cc0107,,2,2,2,2,2,2,2,2,2,2,2,2,2,2,2,2,2,2,2,2,2
2,cc0108,,2,2,2,2,2,2,2,2,2,2,2,2,2,2,2,2,2,2,2,2,2
2,cc0109,val,1,2,2,2,2,2,2,2,2,2,2,2,2,2,2,2,2,2,2,2,2
2,cc0110,,2,2,2,2,2,2,2,2,2,2,2,2,2,2,2,2,2,2,2,2,2
2,cc0111,val,1,2,2,2,2,2,2,2,2,2,2,2,2,2,2,2,2,2,2,2,2
2,cc0112,,2,2,2,2,2,2,2,2,2,2,2,2,2,2,2,2,2,2,2,2,2
2,cc0113,val,1,2,2,2,2,2,2,2,2,2,2,2,2,2,2,2,2,2,2,2,2
2,cc0114,,2,2,2,2,2,2,2,2,2,2,2,2,2,2,2,2,2,2,2,2,2
2,cc0115,,2,2,2,2,2,2,2,2,2,2,2,2,2,2,2,2,2,2,2,2,2
2,cc0116,val,1,2,2,2,2,2,2,2,2,2,2,2,2,2,2,2,2,2,2,2,2
2,cc0117,val,1,2,2,2,2,2,2,2,2,2,2,2,2,2,2,2,2,2,2,2,2
2,cc0118,val,1,2,2,2,2,2,2,2,2,2,2,2,2,2,2,2,2,2,2,2,2
2,cc0119,val,1,2,2,2,2,2,2,2,2,2,2,2,2,2,2,2,2,2,2,2,2
3,cc0120,,2,3,3,3,3,3,3,3,3,3,3,3,3,3,3,3,3,3,3,3,3
3,cc0121,,1,3,3,3,3,3,3,3,3,3,3,3,3,3,3,3,3,3,3,3,3
3,cc0122,,2,3,3,3,3,3,3,3,3,3,3,3,3,3,3,3,3,3,3,3,3
3,cc0123,,2,3,3,3,3,3,3,3,3,3,3,3,3,3,3,3,3,3,3,3,3
3,cc0124,,2,3,3,3,3,3,3,3,3,3,3,3,3,3,3,3,3,3,3,3,3
3,cc0125,,1,3,3,3,3,3,3,3,3,3,3,3,3,3,3,3,3,3,3,3,3
3,cc0126,,1,3,3,3,3,3,3,3,3,3,3,3,3,3,3,3,3,3,3,3,3
3,cc0127,,2,3,3,3,3,3,3,3,3,3,3,3,3,3,3,3,3,3,3,3,3
3,cc0128,,1,3,3,3,3,3,3,3,3,3,3,3,3,3,3,3,3,3,3,3,3
3,cc0129,,1,3,3,3,3,3,3,3,3,3,3,3,3,3,3,3,3,3,3,3,3
3,cc0130,,1,3,3,3,3,3,3,3,3,3,3,3,3,3,3,3,3,3,3,3,3
3,cc0131,,2,3,3,3,3,3,3,3,3,3,3,3,3,3,3,3,3,3,3,3,3
3,cc0132,,2,3,3,3,3,3,3,3,3,3,3,3,3,3,3,3,3,3,3,3,3
3,cc0133,,1,3,3,3,3,3,3,3,3,3,3,3,3,3,3,3,3,3,3,3,3
3,cc0134,,1,3,3,3,3,3,3,3,3,3,3,3,3,3,3,3,3,3,3,3,3
3,cc0135,,1,3,3,3,3,3,3,3,3,3,3,3,3,3,3,3,3,3,3,3,3
3,cc0136,,2,3,3,3,3,3,3,3,3,3,3,3,3,3,3,3,3,3,3,3,3
3,cc0137,,2,3,3,3,3,3,3,3,3,3,3,3,3,3,3,3,3,3,3,3,3
3,cc0138,,1,3,3,3,3,3,3,3,3,3,3,3,3,3,3,3,3,3,3,3,3
3,cc0139,,1,3,3,3,3,3,3,3,3,3,3,3,3,3,3,3,3,3,3,3,3
3,cc0140,,1,3,3,3,3,3,3,3,3,3,3,3,3,3,3,3,3,3,3,3,3
3,cc0141,,1,3,3,3,3,3,3,3,3,3,3,3,3,3,3,3,3,3,3,3,3
3,cc0142,,1,3,3,3,3,3,3,3,3,3,3,3,3,3,3,3,3,3,3,3,3
3,cc0143,,1,3,3,3,3,3,3,3,3,3,3,3,3,3,3,3,3,3,3,3,3
3,cc0144,,1,3,3,3,3,3,3,3,3,3,3,3,3,3,3,3,3,3,3,3,3
3,cc0145,,1,3,3,3,3,3,3,3,3,3,3,3,3,3,3,3,3,3,3,3,3
3,cc0146,,1,3,3,3,3,3,3,3,3,3,3,3,3,3,3,3,3,3,3,3,3
3,cc0147,,1,3,3,3,3,3,3,3,3,3,3,3,3,3,3,3,3,3,3,3,3
3,cc0148,,1,3,3,3,3,3,3,3,3,3,3,3,3,3,3,3,3,3,3,3,3
3,cc0149,,1,3,3,3,3,3,3,3,3,3,3,3,3,3,3,3,3,3,3,3,3
3,cc0150,,1,3,3,3,3,3,3,3,3,3,3,3,3,3,3,3,3,3,3,3,3
3,cc0151,,1,3,3,3,3,3,3,3,3,3,3,3,3,3,3,3,3,3,3,3,3
3,cc0152,,1,3,3,3,3,3,3,3,3,3,3,3,3,3,3,3,3,3,3,3,3
3,cc0153,,1,3,3,3,3,3,3,3,3,3,3,3,3,3,3,3,3,3,3,3,3
3,cc0154,,1,3,3,3,3,3,3,3,3,3,3,3,3,3,3,3,3,3,3,3,3
3,cc0155,,2,3,3,3,3,3,3,3,3,3,3,3,3,3,3,3,3,3,3,3,3
3,cc0156,,1,3,3,3,3,3,3,3,3,3,3,3,3,3,3,3,3,3,3,3,3
3,cc0157,,1,3,3,3,3,3,3,3,3,3,3,3,3,3,3,3,3,3,3,3,3
3,cc0158,,1,3,3,3,3,3,3,3,3,3,3,3,3,3,3,3,3,3,3,3,3
3,cc0159,,1,3,3,3,3,3,3,3,3,3,3,3,3,3,3,3,3,3,3,3,3
3,cc0160,,1,3,3,3,3,3,3,3,3,3,3,3,3,3,3,3,3,3,3,3,3
3,cc0161,,2,3,3,3,3,3,3,3,3,3,3,3,3,3,3,3,3,3,3,3,3
3,cc0162,,2,3,3,3,3,3,3,3,3,3,3,3,3,3,3,3,3,3,3,3,3
3,cc0163,,1,3,3,3,3,3,3,3,3,3,3,3,3,3,3,3,3,3,3,3,3
3,cc0164,,2,3,3,3,3,3,3,3,3,3,3,3,3,3,3,3,3,3,3,3,3
3,cc0165,,1,3,3,3,3,3,3,3,3,3,3,3,3,3,3,3,3,3,3,3,3
3,cc0166,,1,3,3,3,3,3,3,3,3,3,3,3,3,3,3,3,3,3,3,3,3
3,cc0167,,1,3,3,3,3,3,3,3,3,3,3,3,3,3,3,3,3,3,3,3,3
3,cc0168,,1,3,3,3,3,3,3,3,3,3,3,3,3,3,3,3,3,3,3,3,3
3,cc0169,,1,3,3,3,3,3,3,3,3,3,3,3,3,3,3,3,3,3,3,3,3
3,cc0170,val,1,3,3,3,3,3,3,3,3,3,3,3,3,3,3,3,3,3,3,3,3
3,cc0171,val,1,3,3,3,3,3,3,3,3,3,3,3,3,3,3,3,3,3,3,3,3
3,cc0172,val,1,3,3,3,3,3,3,3,3,3,3,3,3,3,3,3,3,3,3,3,3
3,cc0173,val,1,3,3,3,3,3,3,3,3,3,3,3,3,3,3,3,3,3,3,3,3
3,cc0174,val,1,3,3,3,3,3,3,3,3,3,3,3,3,3,3,3,3,3,3,3,3
3,cc0175,val,1,3,3,3,3,3,3,3,3,3,3,3,3,3,3,3,3,3,3,3,3
3,cc0176,val,1,3,3,3,3,3,3,3,3,3,3,3,3,3,3,3,3,3,3,3,3
3,cc0177,val,1,3,3,3,3,3,3,3,3,3,3,3,3,3,3,3,3,3,3,3,3
3,cc0178,val,1,3,3,3,3,3,3,3,3,3,3,3,3,3,3,3,3,3,3,3,3
3,cc0179,val,1,3,3,3,3,3,3,3,3,3,3,3,3,3,3,3,3,3,3,3,3
4,cc0180,,1,4,4,4,4,4,4,4,4,4,4,4,4,4,4,4,4,4,4,4,4
4,cc0181,,1,4,4,4,4,4,4,4,4,4,4,4,4,4,4,4,4,4,4,4,4
4,cc0182,,2,4,4,4,4,4,4,4,4,4,4,4,4,4,4,4,4,4,4,4,4
4,cc0183,,1,4,4,4,4,4,4,4,4,4,4,4,4,4,4,4,4,4,4,4,4
4,cc0184,,1,4,4,4,4,4,4,4,4,4,4,4,4,4,4,4,4,4,4,4,4
4,cc0185,,1,4,4,4,4,4,4,4,4,4,4,4,4,4,4,4,4,4,4,4,4
4,cc0186,,1,4,4,4,4,4,4,4,4,4,4,4,4,4,4,4,4,4,4,4,4
4,cc0187,,1,4,4,4,4,4,4,4,4,4,4,4,4,4,4,4,4,4,4,4,4
4,cc0188,,2,4,4,4,4,4,4,4,4,4,4,4,4,4,4,4,4,4,4,4,4
4,cc0189,,1,4,4,4,4,4,4,4,4,4,4,4,4,4,4,4,4,4,4,4,4
4,cc0190,,1,4,4,4,4,4,4,4,4,4,4,4,4,4,4,4,4,4,4,4,4
4,cc0191,,2,4,4,4,4,4,4,4,4,4,4,4,4,4,4,4,4,4,4,4,4
4,cc0192,,1,4,4,4,4,4,4,4,4,4,4,4,4,4,4,4,4,4,4,4,4
4,cc0193,,2,4,4,4,4,4,4,4,4,4,4,4,4,4,4,4,4,4,4,4,4
4,cc0194,,1,4,4,4,4,4,4,4,4,4,4,4,4,4,4,4,4,4,4,4,4
4,cc0195,,1,4,4,4,4,4,4,4,4,4,4,4,4,4,4,4,4,4,4,4,4
4,cc0196,,2,4,4,4,4,4,4,4,4,4,4,4,4,4,4,4,4,4,4,4,4
4,cc0197,,1,4,4,4,4,4,4,4,4,4,4,4,4,4,4,4,4,4,4,4,4
4,cc0198,,1,4,4,4,4,4,4,4,4,4,4,4,4,4,4,4,4,4,4,4,4
4,cc0199,,1,4,4,4,4,4,4,4,4,4,4,4,4,4,4,4,4,4,4,4,4
4,cc0200,,1,4,4,4,4,4,4,4,4,4,4,4,4,4,4,4,4,4,4,4,4
4,cc0201,,1,4,4,4,4,4,4,4,4,4,4,4,4,4,4,4,4,4,4,4,4
4,cc0202,,1,4,4,4,4,4,4,4,4,4,4,4,4,4,4,4,4,4,4,4,4
4,cc0203,,1,4,4,4,4,4,4,4,4,4,4,4,4,4,4,4,4,4,4,4,4
4,cc0204,,1,4,4,4,4,4,4,4,4,4,4,4,4,4,4,4,4,4,4,4,4
4,cc0205,,2,4,4,4,4,4,4,4,4,4,4,4,4,4,4,4,4,4,4,4,4
4,cc0206,,1,4,4,4,4,4,4,4,4,4,4,4,4,4,4,4,4,4,4,4,4
4,cc0207,,2,4,4,4,4,4,4,4,4,4,4,4,4,4,4,4,4,4,4,4,4
4,cc0208,,1,4,4,4,4,4,4,4,4,4,4,4,4,4,4,4,4,4,4,4,4
4,cc0209,,1,4,4,4,4,4,4,4,4,4,4,4,4,4,4,4,4,4,4,4,4
4,cc0210,,2,4,4,4,4,4,4,4,4,4,4,4,4,4,4,4,4,4,4,4,4
4,cc0211,,1,4,4,4,4,4,4,4,4,4,4,4,4,4,4,4,4,4,4,4,4
4,cc0212,,1,4,4,4,4,4,4,4,4,4,4,4,4,4,4,4,4,4,4,4,4
4,cc0213,,1,4,4,4,4,4,4,4,4,4,4,4,4,4,4,4,4,4,4,4,4
4,cc0214,,1,4,4,4,4,4,4,4,4,4,4,4,4,4,4,4,4,4,4,4,4
4,cc0215,,1,4,4,4,4,4,4,4,4,4,4,4,4,4,4,4,4,4,4,4,4
4,cc0216,,1,4,4,4,4,4,4,4,4,4,4,4,4,4,4,4,4,4,4,4,4
4,cc0217,,1,4,4,4,4,4,4,4,4,4,4,4,4,4,4,4,4,4,4,4,4
4,cc0218,,1,4,4,4,4,4,4,4,4,4,4,4,4,4,4,4,4,4,4,4,4
4,cc0219,,2,4,4,4,4,4,4,4,4,4,4,4,4,4,4,4,4,4,4,4,4
4,cc0220,,1,4,4,4,4,4,4,4,4,4,4,4,4,4,4,4,4,4,4,4,4
4,cc0221,,1,4,4,4,4,4,4,4,4,4,4,4,4,4,4,4,4,4,4,4,4
4,cc0222,,1,4,4,4,4,4,4,4,4,4,4,4,4,4,4,4,4,4,4,4,4
4,cc0223,,1,4,4,4,4,4,4,4,4,4,4,4,4,4,4,4,4,4,4,4,4
4,cc0224,,1,4,4,4,4,4,4,4,4,4,4,4,4,4,4,4,4,4,4,4,4
4,cc0225,,2,4,4,4,4,4,4,4,4,4,4,4,4,4,4,4,4,4,4,4,4
4,cc0226,,1,4,4,4,4,4,4,4,4,4,4,4,4,4,4,4,4,4,4,4,4
4,cc0227,,1,4,4,4,4,4,4,4,4,4,4,4,4,4,4,4,4,4,4,4,4
4,cc0228,val,1,4,4,4,4,4,4,4,4,4,4,4,4,4,4,4,4,4,4,4,4
4,cc0229,val,1,4,4,4,4,4,4,4,4,4,4,4,4,4,4,4,4,4,4,4,4
4,cc0230,val,1,4,4,4,4,4,4,4,4,4,4,4,4,4,4,4,4,4,4,4,4
4,cc0231,val,1,4,4,4,4,4,4,4,4,4,4,4,4,4,4,4,4,4,4,4,4
4,cc0232,val,1,4,4,4,4,4,4,4,4,4,4,4,4,4,4,4,4,4,4,4,4
4,cc0233,val,1,4,4,4,4,4,4,4,4,4,4,4,4,4,4,4,4,4,4,4,4
4,cc0234,,2,4,4,4,4,4,4,4,4,4,4,4,4,4,4,4,4,4,4,4,4
4,cc0235,val,1,4,4,4,4,4,4,4,4,4,4,4,4,4,4,4,4,4,4,4,4
4,cc0236,val,1,4,4,4,4,4,4,4,4,4,4,4,4,4,4,4,4,4,4,4,4
4,cc0237,val,1,4,4,4,4,4,4,4,4,4,4,4,4,4,4,4,4,4,4,4,4
4,cc0238,val,1,4,4,4,4,4,4,4,4,4,4,4,4,4,4,4,4,4,4,4,4
4,cc0239,,2,4,4,4,4,4,4,4,4,4,4,4,4,4,4,4,4,4,4,4,4
5,cc0240,,1,5,5,5,5,5,5,5,5,5,5,5,5,5,5,5,5,5,5,5,5
5,cc0241,,1,5,5,5,5,5,5,5,5,5,5,5,5,5,5,5,5,5,5,5,5
5,cc0242,,1,5,5,5,5,5,5,5,5,5,5,5,5,5,5,5,5,5,5,5,5
5,cc0243,,1,5,5,5,5,5,5,5,5,5,5,5,5,5,5,5,5,5,5,5,5
5,cc0244,,1,5,5,5,5,5,5,5,5,5,5,5,5,5,5,5,5,5,5,5,5
5,cc0245,,1,5,5,5,5,5,5,5,5,5,5,5,5,5,5,5,5,5,5,5,5
5,cc0246,,1,5,5,5,5,5,5,5,5,5,5,5,5,5,5,5,5,5,5,5,5
5,cc0247,,1,5,5,5,5,5,5,5,5,5,5,5,5,5,5,5,5,5,5,5,5
5,cc0248,,2,5,5,5,5,5,5,5,5,5,5,5,5,5,5,5,5,5,5,5,5
5,cc0249,,2,5,5,5,5,5,5,5,5,5,5,5,5,5,5,5,5,5,5,5,5
5,cc0250,,1,5,5,5,5,5,5,5,5,5,5,5,5,5,5,5,5,5,5,5,5
5,cc0251,,1,5,5,5,5,5,5,5,5,5,5,5,5,5,5,5,5,5,5,5,5
5,cc0252,,1,5,5,5,5,5,5,5,5,5,5,5,5,5,5,5,5,5,5,5,5
5,cc0253,,1,5,5,5,5,5,5,5,5,5,5,5,5,5,5,5,5,5,5,5,5
5,cc0254,,1,5,5,5,5,5,5,5,5,5,5,5,5,5,5,5,5,5,5,5,5
5,cc0255,,2,5,5,5,5,5,5,5,5,5,5,5,5,5,5,5,5,5,5,5,5
5,cc0256,,1,5,5,5,5,5,5,5,5,5,5,5,5,5,5,5,5,5,5,5,5
5,cc0257,,1,5,5,5,5,5,5,5,5,5,5,5,5,5,5,5,5,5,5,5,5
5,cc0258,,2,5,5,5,5,5,5,5,5,5,5,5,5,5,5,5,5,5,5,5,5
5,cc0259,,2,5,5,5,5,5,5,5,5,5,5,5,5,5,5,5,5,5,5,5,5
5,cc0260,,1,5,5,5,5,5,5,5,5,5,5,5,5,5,5,5,5,5,5,5,5
5,cc0261,,1,5,5,5,5,5,5,5,5,5,5,5,5,5,5,5,5,5,5,5,5
5,cc0262,,1,5,5,5,5,5,5,5,5,5,5,5,5,5,5,5,5,5,5,5,5
5,cc0263,,1,5,5,5,5,5,5,5,5,5,5,5,5,5,5,5,5,5,5,5,5
5,cc0264,,2,5,5,5,5,5,5,5,5,5,5,5,5,5,5,5,5,5,5,5,5
5,cc0265,,2,5,5,5,5,5,5,5,5,5,5,5,5,5,5,5,5,5,5,5,5
5,cc0266,,1,5,5,5,5,5,5,5,5,5,5,5,5,5,5,5,5,5,5,5,5
5,cc0267,,1,5,5,5,5,5,5,5,5,5,5,5,5,5,5,5,5,5,5,5,5
5,cc0268,,1,5,5,5,5,5,5,5,5,5,5,5,5,5,5,5,5,5,5,5,5
5,cc0269,,1,5,5,5,5,5,5,5,5,5,5,5,5,5,5,5,5,5,5,5,5
5,cc0270,,1,5,5,5,5,5,5,5,5,5,5,5,5,5,5,5,5,5,5,5,5
5,cc0271,,1,5,5,5,5,5,5,5,5,5,5,5,5,5,5,5,5,5,5,5,5
5,cc0272,,2,5,5,5,5,5,5,5,5,5,5,5,5,5,5,5,5,5,5,5,5
5,cc0273,,1,5,5,5,5,5,5,5,5,5,5,5,5,5,5,5,5,5,5,5,5
5,cc0274,,2,5,5,5,5,5,5,5,5,5,5,5,5,5,5,5,5,5,5,5,5
5,cc0275,,1,5,5,5,5,5,5,5,5,5,5,5,5,5,5,5,5,5,5,5,5
5,cc0276,,1,5,5,5,5,5,5,5,5,5,5,5,5,5,5,5,5,5,5,5,5
5,cc0277,,1,5,5,5,5,5,5,5,5,5,5,5,5,5,5,5,5,5,5,5,5
5,cc0278,,1,5,5,5,5,5,5,5,5,5,5,5,5,5,5,5,5,5,5,5,5
5,cc0279,,1,5,5,5,5,5,5,5,5,5,5,5,5,5,5,5,5,5,5,5,5
5,cc0280,,1,5,5,5,5,5,5,5,5,5,5,5,5,5,5,5,5,5,5,5,5
5,cc0281,,1,5,5,5,5,5,5,5,5,5,5,5,5,5,5,5,5,5,5,5,5
5,cc0282,,1,5,5,5,5,5,5,5,5,5,5,5,5,5,5,5,5,5,5,5,5
5,cc0283,,1,5,5,5,5,5,5,5,5,5,5,5,5,5,5,5,5,5,5,5,5
5,cc0284,,1,5,5,5,5,5,5,5,5,5,5,5,5,5,5,5,5,5,5,5,5
5,cc0285,,2,5,5,5,5,5,5,5,5,5,5,5,5,5,5,5,5,5,5,5,5
5,cc0286,val,1,5,5,5,5,5,5,5,5,5,5,5,5,5,5,5,5,5,5,5,5
5,cc0287,val,1,5,5,5,5,5,5,5,5,5,5,5,5,5,5,5,5,5,5,5,5
5,cc0288,,2,5,5,5,5,5,5,5,5,5,5,5,5,5,5,5,5,5,5,5,5
5,cc0289,,2,5,5,5,5,5,5,5,5,5,5,5,5,5,5,5,5,5,5,5,5
5,cc0290,val,1,5,5,5,5,5,5,5,5,5,5,5,5,5,5,5,5,5,5,5,5
5,cc0291,,2,5,5,5,5,5,5,5,5,5,5,5,5,5,5,5,5,5,5,5,5
5,cc0292,val,1,5,5,5,5,5,5,5,5,5,5,5,5,5,5,5,5,5,5,5,5
5,cc0293,val,1,5,5,5,5,5,5,5,5,5,5,5,5,5,5,5,5,5,5,5,5
5,cc0294,,2,5,5,5,5,5,5,5,5,5,5,5,5,5,5,5,5,5,5,5,5
5,cc0295,val,1,5,5,5,5,5,5,5,5,5,5,5,5,5,5,5,5,5,5,5,5
5,cc0296,val,1,5,5,5,5,5,5,5,5,5,5,5,5,5,5,5,5,5,5,5,5
5,cc0297,val,1,5,5,5,5,5,5,5,5,5,5,5,5,5,5,5,5,5,5,5,5
5,cc0298,val,1,5,5,5,5,5,5,5,5,5,5,5,5,5,5,5,5,5,5,5,5
5,cc0299,val,1,5,5,5,5,5,5,5,5,5,5,5,5,5,5,5,5,5,5,5,5
6,cc0300,,2,6,6,6,6,6,6,6,6,6,6,6,6,6,6,6,6,6,6,6,6
6,cc0301,,1,6,6,6,6,6,6,6,6,6,6,6,6,6,6,6,6,6,6,6,6
6,cc0302,,2,6,6,6,6,6,6,6,6,6,6,6,6,6,6,6,6,6,6,6,6
6,cc0303,,2,6,6,6,6,6,6,6,6,6,6,6,6,6,6,6,6,6,6,6,6
6,cc0304,,2,6,6,6,6,6,6,6,6,6,6,6,6,6,6,6,6,6,6,6,6
6,cc0305,,1,6,6,6,6,6,6,6,6,6,6,6,6,6,6,6,6,6,6,6,6
6,cc0306,,2,6,6,6,6,6,6,6,6,6,6,6,6,6,6,6,6,6,6,6,6
6,cc0307,,2,6,6,6,6,6,6,6,6,6,6,6,6,6,6,6,6,6,6,6,6
6,cc0308,,2,6,6,6,6,6,6,6,6,6,6,6,6,6,6,6,6,6,6,6,6
6,cc0309,,2,6,6,6,6,6,6,6,6,6,6,6,6,6,6,6,6,6,6,6,6
6,cc0310,,1,6,6,6,6,6,6,6,6,6,6,6,6,6,6,6,6,6,6,6,6
6,cc0311,,1,6,6,6,6,6,6,6,6,6,6,6,6,6,6,6,6,6,6,6,6
6,cc0312,,1,6,6,6,6,6,6,6,6,6,6,6,6,6,6,6,6,6,6,6,6
6,cc0313,,2,6,6,6,6,6,6,6,6,6,6,6,6,6,6,6,6,6,6,6,6
6,cc0314,,2,6,6,6,6,6,6,6,6,6,6,6,6,6,6,6,6,6,6,6,6
6,cc0315,,1,6,6,6,6,6,6,6,6,6,6,6,6,6,6,6,6,6,6,6,6
6,cc0316,,1,6,6,6,6,6,6,6,6,6,6,6,6,6,6,6,6,6,6,6,6
6,cc0317,,1,6,6,6,6,6,6,6,6,6,6,6,6,6,6,6,6,6,6,6,6
6,cc0318,,1,6,6,6,6,6,6,6,6,6,6,6,6,6,6,6,6,6,6,6,6
6,cc0319,,2,6,6,6,6,6,6,6,6,6,6,6,6,6,6,6,6,6,6,6,6
6,cc0320,,2,6,6,6,6,6,6,6,6,6,6,6,6,6,6,6,6,6,6,6,6
6,cc0321,,2,6,6,6,6,6,6,6,6,6,6,6,6,6,6,6,6,6,6,6,6
6,cc0322,,1,6,6,6,6,6,6,6,6,6,6,6,6,6,6,6,6,6,6,6,6
6,cc0323,,1,6,6,6,6,6,6,6,6,6,6,6,6,6,6,6,6,6,6,6,6
6,cc0324,,1,6,6,6,6,6,6,6,6,6,6,6,6,6,6,6,6,6,6,6,6
6,cc0325,,2,6,6,6,6,6,6,6,6,6,6,6,6,6,6,6,6,6,6,6,6
6,cc0326,,2,6,6,6,6,6,6,6,6,6,6,6,6,6,6,6,6,6,6,6,6
6,cc0327,,1,6,6,6,6,6,6,6,6,6,6,6,6,6,6,6,6,6,6,6,6
6,cc0328,,1,6,6,6,6,6,6,6,6,6,6,6,6,6,6,6,6,6,6,6,6
6,cc0329,,2,6,6,6,6,6,6,6,6,6,6,6,6,6,6,6,6,6,6,6,6
6,cc0330,,2,6,6,6,6,6,6,6,6,6,6,6,6,6,6,6,6,6,6,6,6
6,cc0331,,1,6,6,6,6,6,6,6,6,6,6,6,6,6,6,6,6,6,6,6,6
6,cc0332,,1,6,6,6,6,6,6,6,6,6,6,6,6,6,6,6,6,6,6,6,6
6,cc0333,,1,6,6,6,6,6,6,6,6,6,6,6,6,6,6,6,6,6,6,6,6
6,cc0334,,1,6,6,6,6,6,6,6,6,6,6,6,6,6,6,6,6,6,6,6,6
6,cc0335,,1,6,6,6,6,6,6,6,6,6,6,6,6,6,6,6,6,6,6,6,6
6,cc0336,,1,6,6,6,6,6,6,6,6,6,6,6,6,6,6,6,6,6,6,6,6
6,cc0337,,2,6,6,6,6,6,6,6,6,6,6,6,6,6,6,6,6,6,6,6,6
6,cc0338,,2,6,6,6,6,6,6,6,6,6,6,6,6,6,6,6,6,6,6,6,6
6,cc0339,,2,6,6,6,6,6,6,6,6,6,6,6,6,6,6,6,6,6,6,6,6
6,cc0340,,1,6,6,6,6,6,6,6,6,6,6,6,6,6,6,6,6,6,6,6,6
6,cc0341,,1,6,6,6,6,6,6,6,6,6,6,6,6,6,6,6,6,6,6,6,6
6,cc0342,,2,6,6,6,6,6,6,6,6,6,6,6,6,6,6,6,6,6,6,6,6
6,cc0343,val,1,6,6,6,6,6,6,6,6,6,6,6,6,6,6,6,6,6,6,6,6
6,cc0344,val,1,6,6,6,6,6,6,6,6,6,6,6,6,6,6,6,6,6,6,6,6
6,cc0345,val,1,6,6,6,6,6,6,6,6,6,6,6,6,6,6,6,6,6,6,6,6
6,cc0346,,2,6,6,6,6,6,6,6,6,6,6,6,6,6,6,6,6,6,6,6,6
6,cc0347,val,1,6,6,6,6,6,6,6,6,6,6,6,6,6,6,6,6,6,6,6,6
6,cc0348,val,1,6,6,6,6,6,6,6,6,6,6,6,6,6,6,6,6,6,6,6,6
6,cc0349,val,1,6,6,6,6,6,6,6,6,6,6,6,6,6,6,6,6,6,6,6,6
6,cc0350,val,1,6,6,6,6,6,6,6,6,6,6,6,6,6,6,6,6,6,6,6,6
6,cc0351,,2,6,6,6,6,6,6,6,6,6,6,6,6,6,6,6,6,6,6,6,6
6,cc0352,,2,6,6,6,6,6,6,6,6,6,6,6,6,6,6,6,6,6,6,6,6
6,cc0353,val,1,6,6,6,6,6,6,6,6,6,6,6,6,6,6,6,6,6,6,6,6
6,cc0354,val,1,6,6,6,6,6,6,6,6,6,6,6,6,6,6,6,6,6,6,6,6
6,cc0355,,2,6,6,6,6,6,6,6,6,6,6,6,6,6,6,6,6,6,6,6,6
6,cc0356,,2,6,6,6,6,6,6,6,6,6,6,6,6,6,6,6,6,6,6,6,6
6,cc0357,val,1,6,6,6,6,6,6,6,6,6,6,6,6,6,6,6,6,6,6,6,6
6,cc0358,,2,6,6,6,6,6,6,6,6,6,6,6,6,6,6,6,6,6,6,6,6
6,cc0359,,2,6,6,6,6,6,6,6,6,6,6,6,6,6,6,6,6,6,6,6,6
0,VMAT003125,test,1,0,0,0,0,0,0,0,0,0,0,0,0,0,0,0,0,0,0,0,0
0,VMAT003132,test,1,0,0,0,0,0,0,0,0,0,0,0,0,0,0,0,0,0,0,0,0
0,VMAT003443,test,1,0,0,0,0,0,0,0,0,0,0,0,0,0,0,0,0,0,0,0,0
0,VMAT003448,test,1,0,0,0,0,0,0,0,0,0,0,0,0,0,0,0,0,0,0,0,0
0,VMAT004055,test,1,0,0,0,0,0,0,0,0,0,0,0,0,0,0,0,0,0,0,0,0
0,VMAT004058,test,1,0,0,0,0,0,0,0,0,0,0,0,0,0,0,0,0,0,0,0,0
0,VMAT004091,test,1,0,0,0,0,0,0,0,0,0,0,0,0,0,0,0,0,0,0,0,0
0,VMAT004096,test,1,0,0,0,0,0,0,0,0,0,0,0,0,0,0,0,0,0,0,0,0
0,VMAT004098,test,1,0,0,0,0,0,0,0,0,0,0,0,0,0,0,0,0,0,0,0,0
0,VMAT004104,test,1,0,0,0,0,0,0,0,0,0,0,0,0,0,0,0,0,0,0,0,0
0,VMAT004106,test,1,0,0,0,0,0,0,0,0,0,0,0,0,0,0,0,0,0,0,0,0
0,VMAT004111,test,1,0,0,0,0,0,0,0,0,0,0,0,0,0,0,0,0,0,0,0,0
0,VMAT004113,test,1,0,0,0,0,0,0,0,0,0,0,0,0,0,0,0,0,0,0,0,0
0,VMAT005000,test,1,0,0,0,0,0,0,0,0,0,0,0,0,0,0,0,0,0,0,0,0
0,VMAT005002,test,1,0,0,0,0,0,0,0,0,0,0,0,0,0,0,0,0,0,0,0,0
0,VMAT005003,test,1,0,0,0,0,0,0,0,0,0,0,0,0,0,0,0,0,0,0,0,0
0,VMAT005004,test,1,0,0,0,0,0,0,0,0,0,0,0,0,0,0,0,0,0,0,0,0
0,VMAT005007,test,1,0,0,0,0,0,0,0,0,0,0,0,0,0,0,0,0,0,0,0,0
0,VMAT005008,test,1,0,0,0,0,0,0,0,0,0,0,0,0,0,0,0,0,0,0,0,0
0,VMAT005009,test,1,0,0,0,0,0,0,0,0,0,0,0,0,0,0,0,0,0,0,0,0
0,VMAT005012,test,1,0,0,0,0,0,0,0,0,0,0,0,0,0,0,0,0,0,0,0,0
0,VMAT005013,test,1,0,0,0,0,0,0,0,0,0,0,0,0,0,0,0,0,0,0,0,0
0,VMAT005016,test,1,0,0,0,0,0,0,0,0,0,0,0,0,0,0,0,0,0,0,0,0
0,VMAT005017,test,2,0,0,0,0,0,0,0,0,0,0,0,0,0,0,0,0,0,0,0,0
0,VMAT101038,test,1,0,0,0,0,0,0,0,0,0,0,0,0,0,0,0,0,0,0,0,0
0,VMAT103813,test,1,0,0,0,0,0,0,0,0,0,0,0,0,0,0,0,0,0,0,0,0
0,VMAT136646,test,1,0,0,0,0,0,0,0,0,0,0,0,0,0,0,0,0,0,0,0,0
